<?xml version="1.0"?>

<bindings xmlns="http://www.mozilla.org/xbl"
    xmlns:xbl="http://www.mozilla.org/xbl"
    xmlns:xul="http://www.mozilla.org/keymaster/gatekeeper/there.is.only.xul">

<!-- Firebug start button is available in a 'Customize Toolbar' dialog with support
     for error badge that displays number of errors on the current page (if any) -->
<binding id="start-button" display="xul:menu"
    extends="chrome://global/content/bindings/toolbarbutton.xml#menu-button">

    <content>
        <children includes="observes|template|menupopup|panel|tooltip"/>
        <xul:toolbarbutton class="fb-toolbarbutton box-inherit toolbarbutton-menubutton-button"
            anonid="button" flex="1" allowevents="true"
            xbl:inherits="disabled,crop,image,label,accesskey,command,align,dir,pack,orient"/>
        <xul:dropmarker type="menu-button" class="toolbarbutton-menubutton-dropmarker"
            anonid="dropmarker" xbl:inherits="align,dir,pack,orient,disabled,label"/>
    </content>

    <implementation>
        <constructor><![CDATA[
        if (Firebug.browserOverlay.isMultiprocessEnabled() ||
            Firebug.browserOverlay.isAuroraChannel())
        {
            this.disableFirebugActions();
        }
        ]]></constructor>

        <property name="button">
            <xbl:getter><![CDATA[
                return document.getAnonymousElementByAttribute(this, "anonid", "button");
            ]]></xbl:getter>
        </property>

        <method name="disableFirebugActions">
            <body><![CDATA[
            this.removeAttribute("contextmenu");
            this.setAttribute("type", "button");

            this.button.classList.remove("toolbarbutton-menubutton-button");
            this.button.classList.add("toolbarbutton-1");
            this.button.classList.add("chromeclass-toolbar-additional");
            var dropMarker = document.getAnonymousElementByAttribute(this,
                "anonid", "dropmarker");
            dropMarker.setAttribute("collapsed", "true");
            ]]></body>
        </method>

        <method name="enableFirebugActions">
            <body><![CDATA[
            this.setAttribute("contextmenu", "fbStatusContextMenu");
            this.setAttribute("type", "menu-button");

            this.button.classList.add("toolbarbutton-menubutton-button");
            this.button.classList.remove("toolbarbutton-1");
            this.button.classList.remove("chromeclass-toolbar-additional");
            var dropMarker = document.getAnonymousElementByAttribute(this,
                "anonid", "dropmarker");
            dropMarker.removeAttribute("collapsed");
            ]]></body>
        </method>

    </implementation>

</binding>

</bindings>
