﻿<?xml version="1.0"?>

<!--
	 - The contents of this file are subject to the Mozilla Public
	 - License Version 1.1 (the "License"); you may not use this file
	 - except in compliance with the License. You may obtain a copy of
	 - the License at http://www.mozilla.org/MPL/
	 -
	 - Software distributed under the License is distributed on an "AS
	 - IS" basis, WITHOUT WARRANTY OF ANY KIND, either express or
	 - implied. See the License for the specific language governing
	 - rights and limitations under the License.
	 -
	 - The Original Code is Mozilla.org code.
	 -
	 - The Initial Developer of the Original Code is Håkan Waara.
	 - Portions created by Håkan Waara are Copyright (C),
	 - Håkan Waara.  All Rights Reserved.
	 -
	 - Contributor(s): Håkan Waara (Original Author)
	-->

<bindings id="spinbuttonsBindings"
					xmlns="http://www.mozilla.org/xbl"
					xmlns:xul="http://www.mozilla.org/keymaster/gatekeeper/there.is.only.xul"
					xmlns:xbl="http://www.mozilla.org/xbl"
>

	<binding	id="spinbuttonsH"
						extends="chrome://cookiesmanagerplus/skin/spinbuttons.xml#spinbuttonsH-baseline"
	>
		<resources>
			<stylesheet src="editCookie.css"/>
		</resources>
	</binding>

	<binding id="spinbuttonsH-baseline">
		<content>
			<xul:hbox flex="1" align="center">
				<xul:spacer flex="1"/>
				<xul:button xbl:inherits="oncommand=onup, id, disabled, control" anonid="upButton" type="repeat" class="up"/>
				<xul:spacer flex="1"/>
				<xul:button xbl:inherits="oncommand=ondown, id, disabled, control" anonid="downButton" type="repeat" class="down"/>
				<xul:spacer flex="1"/>
			</xul:hbox>
		</content>
	</binding>

	<binding	id="spinbuttonsV"
						extends="chrome://cookiesmanagerplus/skin/spinbuttons.xml#spinbuttonsV-baseline"
	>
		<resources>
			<stylesheet src="editCookie.css"/>
		</resources>
	</binding>

	<binding id="spinbuttonsV-baseline">
		<content>
			<xul:vbox flex="1" align="center">
				<xul:spacer flex="1"/>
				<xul:button xbl:inherits="oncommand=onup, id, disabled, control" anonid="upButton" type="repeat" class="up"/>
				<xul:button xbl:inherits="oncommand=ondown, id, disabled, control" anonid="downButton" type="repeat" class="down"/>
				<xul:spacer flex="1"/>
			</xul:vbox>
		</content>
	</binding>
</bindings>

