<?xml version="1.0"?>
<!-- See license.txt for terms of usage -->

<bindings xmlns="http://www.mozilla.org/xbl"
    xmlns:xbl="http://www.mozilla.org/xbl"
    xmlns:xul="http://www.mozilla.org/keymaster/gatekeeper/there.is.only.xul"
    xmlns:html="http://www.w3.org/1999/xhtml">

<binding id="panel">
    <resources>
      <stylesheet src="chrome://global/skin/notification.css"/>
    </resources>
    <content>
        <xul:panel anonid="panel" norestorefocus="true" noautofocus="true"
            ignorekeys="true" role="presentation" type="arrow" class="panel">
            <xul:hbox>
               <xul:vbox class="iconbox">
                   <xul:image src="chrome://firebug/skin/firebug64.png"/>
               </xul:vbox>
               <xul:vbox>
                    <xul:hbox class="warningbox"></xul:hbox>

                    <xul:description anonid="desc" class="desc" />

                    <xul:hbox class="warningbox"></xul:hbox>

                    <xul:label anonid="learnMore"
                        class="text-link popup-notification-learnmore-link learnMore"
                        href="https://getfirebug.com/unifying-firebug-and-firefox-devtools"/>

                    <xul:hbox class="warningbox"></xul:hbox>

                    <xul:description anonid="desc3" class="desc" />

                    <xul:hbox class="warningbox">
                        <xul:vbox>
                            <xul:checkbox anonid="firebugTheme" checked="true"
                                xbl:inherits="oncommand=activatefirebugtheme" />
                        </xul:vbox>
                    </xul:hbox>

                    <!-- <xul:hbox class="warningbox">
                        <xul:vbox>
                            <xul:checkbox anonid="notAgain" checked="false" />
                        </xul:vbox>
                    </xul:hbox> -->

                    <xul:hbox class="warningbox" style="height: 10px;"></xul:hbox>

                    <xul:hbox align="right">
                        <xul:progressmeter anonid="progress" class="progress"
                            mode="determined" value="0" collapsed="true"/>
                        <xul:spacer width="20px" />
                        <xul:button anonid="opendevtools" type="menu-button"
                            xbl:inherits="oncommand=opendevtoolscommand"
                            class="popup-notification-menubutton">
                            <xul:menupopup>
                                <xul:menuitem anonid="disable"
                                    xbl:inherits="oncommand=disablecommand"/>
                            </xul:menupopup>
                        </xul:button>
                    </xul:hbox>
                </xul:vbox>
                <xul:vbox>
                    <xul:image class="closeButton" anonid="closeButton"/>
                </xul:vbox>
             </xul:hbox>
        </xul:panel>
    </content>

    <implementation>
        <constructor><![CDATA[
        ]]></constructor>

        <method name="internationalize">
            <parameter name="Locale" />
            <body><![CDATA[
                var desc = document.getAnonymousElementByAttribute(this, "anonid", "desc");
                desc.textContent = Locale.$STR("multiprocess.description");

                var desc3 = document.getAnonymousElementByAttribute(this, "anonid", "desc3");
                desc3.textContent = Locale.$STR("multiprocess.description3");

                var learnMore = document.getAnonymousElementByAttribute(this, "anonid", "learnMore");
                learnMore.textContent = Locale.$STR("multiprocess.learnMore");

                //var notAgain = document.getAnonymousElementByAttribute(this, "anonid", "notAgain");
                //notAgain.label = Locale.$STR("multiprocess.notAgain");

                var openDevToolsButton = document.getAnonymousElementByAttribute(this, "anonid", "opendevtools");
                openDevToolsButton.label = Locale.$STR("multiprocess.openDevTools");

                var disableMenu = document.getAnonymousElementByAttribute(this, "anonid", "disable");
                disableMenu.label = Locale.$STR("multiprocess.disable");

                this.firebugTheme.label = Locale.$STR("multiprocess.activateFirebugTheme");

                var closeButton = document.getAnonymousElementByAttribute(this, "anonid", "closeButton");
                closeButton.addEventListener('click', this.close.bind(this), false);
            ]]></body>
        </method>

        <method name="open">
            <body><![CDATA[
                var offsetY = 0;
                var offsetX = 0;
                var target = document.getElementById("nav-bar-customization-target");

                var startButton = document.getElementById("firebug-button");
                if (startButton) {
                    var style = document.defaultView.getComputedStyle(startButton.button);
                    offsetY = parseInt(style["padding-bottom"]);
                    offsetX = parseInt(style["width"])/2;
                    target = startButton.button;
                }

                var panel = document.getAnonymousElementByAttribute(this, "anonid", "panel");
                panel.openPopup(target, "after_end", -offsetX, -offsetY, false, false);
            ]]></body>
        </method>

        <method name="close">
            <body><![CDATA[
                var panel = document.getAnonymousElementByAttribute(this, "anonid", "panel");
                panel.hidePopup();
            ]]></body>
        </method>

        <property name="openDevToolsButton">
            <getter><![CDATA[
                return document.getAnonymousElementByAttribute(this, "anonid", "opendevtools");
            ]]></getter>
        </property>

        <property name="notAgain">
            <getter><![CDATA[
                return document.getAnonymousElementByAttribute(this, "anonid", "notAgain");
            ]]></getter>
        </property>

        <property name="firebugTheme">
            <getter><![CDATA[
                return document.getAnonymousElementByAttribute(this, "anonid", "firebugTheme");
            ]]></getter>
        </property>
    </implementation>
</binding>
</bindings>
